タイトル名,最低価格,クレジット最低価格,価格URL
スーパーマリオブラザーズ ワンダー [Nintendo Switch],5628,5628,https://kakaku.com/item/K0001547125/
桃太郎電鉄ワールド 〜地球は希望でまわってる！〜 [Nintendo Switch],5658,5658,https://kakaku.com/item/K0001515158/
スーパーマリオRPG [Nintendo Switch],5628,5628,https://kakaku.com/item/K0001547121/
ファッションドリーマー [Nintendo Switch],5680,5680,https://kakaku.com/item/K0001515147/
STAR OCEAN THE SECOND STORY R [Nintendo Switch],5447,5447,https://kakaku.com/item/K0001547134/
超おどる メイド イン ワリオ [Nintendo Switch],4690,4690,https://kakaku.com/item/K0001547135/
帰ってきた 名探偵ピカチュウ [Nintendo Switch],5609,5609,https://kakaku.com/item/K0001547120/
ドラゴンクエストモンスターズ3 魔族の王子とエルフの旅 [マスターズ版] [Nintendo Switch],9082,9082,https://kakaku.com/item/K0001547123/
ピクミン4 [Nintendo Switch],5627,5628,https://kakaku.com/item/K0001472562/
人生ゲーム for Nintendo Switch,5682,5682,https://kakaku.com/item/K0001547130/
きみのまち サンドロック [Nintendo Switch],4816,4816,https://kakaku.com/item/K0001546873/
不思議のダンジョン 風来のシレン6 とぐろ島探検録 [Nintendo Switch],5687,5687,https://kakaku.com/item/K0001568925/
ゼルダの伝説 ティアーズ オブ ザ キングダム [Nintendo Switch],6699,6699,https://kakaku.com/item/K0001165320/
ホグワーツ・レガシー [通常版] [Nintendo Switch],7075,7075,https://kakaku.com/item/K0001542667/
ドラゴンクエストモンスターズ3 魔族の王子とエルフの旅 [通常版] [Nintendo Switch],6232,6232,https://kakaku.com/item/K0001547122/
桃太郎電鉄 〜昭和 平成 令和も定番！〜 [Nintendo Switch],5100,5680,https://kakaku.com/item/K0001187544/
METAL GEAR SOLID： MASTER COLLECTION Vol.1 [Nintendo Switch],6070,6070,https://kakaku.com/item/K0001547131/
マリオカート8 デラックス,5435,5437,https://kakaku.com/item/K0000932975/
大乱闘スマッシュブラザーズ SPECIAL [Nintendo Switch],6298,6391,https://kakaku.com/item/K0001039549/
ホグワーツ・レガシー デラックス・エディション [Nintendo Switch],7961,7961,https://kakaku.com/item/K0001542668/
ポケットモンスター バイオレット [Nintendo Switch],5309,5309,https://kakaku.com/item/K0001424280/
華アワセ 朔 コンプリートセット [Nintendo Switch],21120,21120,https://kakaku.com/item/K0001542161/
あつまれ どうぶつの森 [Nintendo Switch],5150,5264,https://kakaku.com/item/K0001090396/
ポケットモンスター スカーレット+ゼロの秘宝 [Nintendo Switch],8631,8631,https://kakaku.com/item/K0001576724/
スプラトゥーン3 [Nintendo Switch],5236,5236,https://kakaku.com/item/K0001333398/
ドラゴンクエストXI 過ぎ去りし時を求めて S [新価格版] [Nintendo Switch],4419,4419,https://kakaku.com/item/K0001294960/
ピクミン1+2 [Nintendo Switch],4266,4266,https://kakaku.com/item/K0001547124/
EA SPORTS FC 24 [Nintendo Switch],5411,5411,https://kakaku.com/item/K0001557359/
マリオパーティ スーパースターズ [Nintendo Switch],5198,5298,https://kakaku.com/item/K0001362398/
リングフィット アドベンチャー [Nintendo Switch],7380,7413,https://kakaku.com/item/K0001192045/
ゼノブレイド ディフィニティブ・エディション [Nintendo Switch],4976,4976,https://kakaku.com/item/K0001187540/
Nintendo Switch Sports [Nintendo Switch],4591,4591,https://kakaku.com/item/K0001421294/
ペルソナ5 タクティカ [Nintendo Switch],6386,6386,https://kakaku.com/item/K0001546872/
世界のアソビ大全51 [Nintendo Switch],3482,3482,https://kakaku.com/item/K0001246266/
インフィニティ ストラッシュ ドラゴンクエスト ダイの大冒険 [Nintendo Switch],3600,3600,https://kakaku.com/item/K0001543743/
ユニコーンオーバーロード モナークエディション [限定版] [Nintendo Switch],14870,14870,https://kakaku.com/item/K0001568924/
ぼくは航空管制官 エアポートヒーロー 羽田 ALLSTARS [Nintendo Switch],7296,7296,https://kakaku.com/item/K0001557666/
Fate Samurai Remnant [通常版] [Nintendo Switch],8014,8014,https://kakaku.com/item/K0001547132/
スーパーマリオ オデッセイ,5362,5364,https://kakaku.com/item/K0000932976/
ドラゴンクエストX 目覚めし五つの種族 オフライン [通常版] [Nintendo Switch],6770,6770,https://kakaku.com/item/K0001388637/
スーパーマリオブラザーズ ワンダー [Nintendo Switch],5628,5628,https://kakaku.com/item/K0001547125/?lid=ranking_faq_richresults_4143
桃太郎電鉄ワールド 〜地球は希望でまわってる！〜 [Nintendo Switch],5658,5658,https://kakaku.com/item/K0001515158/?lid=ranking_faq_richresults_4143
マリオカート8 デラックス + コース追加パス セット [Nintendo Switch],7155,7155,https://kakaku.com/item/K0001576771/
信長の野望・新生 with パワーアップキット [通常版] [Nintendo Switch],9641,9641,https://kakaku.com/item/K0001528007/
星のカービィ Wii デラックス [Nintendo Switch],5441,5443,https://kakaku.com/item/K0001472566/
イースX - NORDICS - [通常版] [Nintendo Switch],6853,6853,https://kakaku.com/item/K0001543741/
レッド・デッド・リデンプション [Nintendo Switch],5501,5501,https://kakaku.com/item/K0001569235/
圧倒的遊戯 ムゲンソウルズ ダブルパック [Nintendo Switch],6473,6473,https://kakaku.com/item/K0001554776/
ベヨネッタ3 [Nintendo Switch],6160,6160,https://kakaku.com/item/K0001387049/
星のカービィ ディスカバリー [Nintendo Switch],5300,5340,https://kakaku.com/item/K0001387045/
おすそわける メイド イン ワリオ [Nintendo Switch],4000,4000,https://kakaku.com/item/K0001362397/
バディミッション BOND [Nintendo Switch],3840,3840,https://kakaku.com/item/K0001307375/
ポケットモンスター バイオレット+ゼロの秘宝 [Nintendo Switch],8631,8631,https://kakaku.com/item/K0001576725/
ゼルダの伝説 ブレス オブ ザ ワイルド [通常版] [Nintendo Switch],6159,6161,https://kakaku.com/item/K0000932974/
ダブルドラゴンコレクション [Nintendo Switch],2850,2850,https://kakaku.com/item/K0001569234/
太鼓の達人 ドンダフルフェスティバル [Nintendo Switch],5447,5447,https://kakaku.com/item/K0001421287/
Minecraft： Nintendo Switch Edition,3274,3274,https://kakaku.com/item/K0000959385/
あけておねがい [Nintendo Switch],4636,4636,https://kakaku.com/item/K0001549983/
イース・メモワール - フェルガナの誓い - [Nintendo Switch],3373,3373,https://kakaku.com/item/K0001512178/
パウ・パトロール ワールド [Nintendo Switch],4816,4816,https://kakaku.com/item/K0001546466/
モンスターハンターライズ + サンブレイク セット [Nintendo Switch],5980,5980,https://kakaku.com/item/K0001431253/
圧倒的遊戯 ムゲンソウルズ [Nintendo Switch],4284,4284,https://kakaku.com/item/K0001554775/
世界樹の迷宮I・II・III HD REMASTER [Nintendo Switch],6908,6910,https://kakaku.com/item/K0001515153/
eBASEBALLパワフルプロ野球2022 [Nintendo Switch],5784,5784,https://kakaku.com/item/K0001421073/
FREDERICA [Nintendo Switch],4319,4319,https://kakaku.com/item/K0001547128/
LOOP8 [Nintendo Switch],2765,2765,https://kakaku.com/item/K0001421296/
ポケットモンスター スカーレット [Nintendo Switch],5537,5538,https://kakaku.com/item/K0001424279/
メトロイドプライム リマスタード [Nintendo Switch],3834,3834,https://kakaku.com/item/K0001515154/
五等分の花嫁 〜彼女と交わす五つの約束〜 [限定版] [Nintendo Switch],8800,8800,https://kakaku.com/item/K0001540900/
DYSCHRONIA： Chronos Alternate - Definitive Edition [Nintendo Switch],6190,6190,https://kakaku.com/item/K0001563610/
Football Manager 2024 Touch [Nintendo Switch],4025,4025,https://kakaku.com/item/K0001568937/
スーパーボンバーマン R 2 [Nintendo Switch],4440,4440,https://kakaku.com/item/K0001529625/
スーパーマリオ 3Dワールド + フューリーワールド [Nintendo Switch],5200,5262,https://kakaku.com/item/K0001286793/
ソルクレスタ ドラマティックエディション [Nintendo Switch],4114,4114,https://kakaku.com/item/K0001460243/
タクティクスオウガ リボーン [Nintendo Switch],3880,3880,https://kakaku.com/item/K0001463225/
ナビつき！ つくってわかる はじめてゲームプログラミング [Nintendo Switch],2764,2764,https://kakaku.com/item/K0001352797/
ピクミン3 デラックス [Nintendo Switch],5489,5491,https://kakaku.com/item/K0001278827/
ワンピース 海賊無双4 Deluxe Edition [Nintendo Switch],6079,6079,https://kakaku.com/item/K0001551666/
東亰ザナドゥeX+ for Nintendo Switch,3839,3839,https://kakaku.com/item/K0001528009/
MODEL Debut3 #nicola [Nintendo Switch],5916,5916,https://kakaku.com/item/K0001564984/
New スーパーマリオブラザーズ U デラックス [Nintendo Switch],5304,5355,https://kakaku.com/item/K0001090398/
ゼノブレイド3 [Nintendo Switch],3923,3923,https://kakaku.com/item/K0001421297/
恐怖の世界 [Nintendo Switch],3572,3572,https://kakaku.com/item/K0001557664/
DCスーパーヒーローガールズ ティーンパワー [Nintendo Switch],1319,1319,https://kakaku.com/item/K0001333395/
Fit Boxing feat. 初音ミク - ミクといっしょにエクササイズ - [Nintendo Switch],5979,5979,https://kakaku.com/item/K0001568934/
It Takes Two [Nintendo Switch],3496,3496,https://kakaku.com/item/K0001472564/
SPY×FAMILY OPERATION DIARY [Nintendo Switch],6118,6118,https://kakaku.com/item/K0001568933/
シアトリズム ファイナルバーライン [Nintendo Switch],4780,4780,https://kakaku.com/item/K0001472559/
バットマン：アーカム・トリロジー [Nintendo Switch],6727,6727,https://kakaku.com/item/K0001569236/
ポケットモンスター シャイニングパール [Nintendo Switch],1680,1680,https://kakaku.com/item/K0001335534/
ライブアライブ [Nintendo Switch],4980,4980,https://kakaku.com/item/K0001421293/
ルイージマンション3 [Nintendo Switch],5127,5127,https://kakaku.com/item/K0001090397/
華アワセ 朔 - 唐紅 ~うつつ編 - [Nintendo Switch],4285,4285,https://kakaku.com/item/K0001542159/
華アワセ 朔 - 蛟編 - [Nintendo Switch],4285,4285,https://kakaku.com/item/K0001542157/
奇々怪界 黒マントの謎 [Nintendo Switch],2927,2927,https://kakaku.com/item/K0001419329/
釣りスピリッツ 釣って遊べる水族館 [サオコン同梱版] [Nintendo Switch],9306,,https://kakaku.com/item/K0001461811/
薄桜鬼 真改 万葉ノ抄 [特装版] [Nintendo Switch],7855,7855,https://kakaku.com/item/K0001531385/
零 〜月蝕の仮面〜 [Nintendo Switch],3380,3380,https://kakaku.com/item/K0001472555/
ARK： Survival Evolved [Nintendo Switch],3391,3391,https://kakaku.com/item/K0001505919/
Dead Cells： Return to Castlevania Collector's Edition [Nintendo Switch],5820,5820,https://kakaku.com/item/K0001543745/
アカイイト & アオイシロ HD REMASTER [特別版] [Nintendo Switch],10640,10640,https://kakaku.com/item/K0001515891/
アンリアルライフ [豪華特典版] [Nintendo Switch],4411,4411,https://kakaku.com/item/K0001542670/
エブリバディ 1-2-Switch！ [Nintendo Switch],1966,1966,https://kakaku.com/item/K0001545912/
ジャストダンス2024エディション [Nintendo Switch],5465,5465,https://kakaku.com/item/K0001563605/
スーパー マリオパーティ [Nintendo Switch],5334,5336,https://kakaku.com/item/K0001062860/
スーパーバレットブレイク スペシャルボーナスボックス [限定版] [Nintendo Switch],3580,3580,https://kakaku.com/item/K0001525507/
ゼルダの伝説 ティアーズ オブ ザ キングダム Collector's Edition [Nintendo Switch],9414,9706,https://kakaku.com/item/K0001515159/
ゼルダの伝説 ブレス オブ ザ ワイルド + エキスパンション・パス [Nintendo Switch],7646,7646,https://kakaku.com/item/K0001389090/
ソニックスーパースターズ [Nintendo Switch],5347,5348,https://kakaku.com/item/K0001547126/
バテン・カイトス I&II HD Remaster [Nintendo Switch],5087,5087,https://kakaku.com/item/K0001515155/
ファイアーエムブレム エンゲージ エレオスコレクション [Nintendo Switch],6474,6509,https://kakaku.com/item/K0001474782/
ぷよぷよテトリス2 [スペシャルプライス] [Nintendo Switch],2934,2934,https://kakaku.com/item/K0001468206/
フロントミッション ザ・ファースト：リメイク [Nintendo Switch],3780,3780,https://kakaku.com/item/K0001421299/
ポケットモンスター ソード [Nintendo Switch],5400,5400,https://kakaku.com/item/K0001134644/
モンスターハンターダブルクロス Nintendo Switch Ver. [Best Price 2022-12-01],2208,2208,https://kakaku.com/item/K0001496606/
圧倒的遊戯 ムゲンソウルズZ [Nintendo Switch],4284,4284,https://kakaku.com/item/K0001554777/
幻走スカイドリフト [Nintendo Switch],3211,3211,https://kakaku.com/item/K0001557357/
狐が僕を待っている花 The Fox Awaits Me HANA [通常版] [Nintendo Switch],4464,4464,https://kakaku.com/item/K0001526001/
狐が僕を待っている花 The Fox Awaits Me HANA [特装版] [Nintendo Switch],8036,8036,https://kakaku.com/item/K0001526002/
紅魔城レミリアII 妖幻の鎮魂歌 [初回限定版] [Nintendo Switch],6250,6250,https://kakaku.com/item/K0001570165/
聖塔神記 トリニティトリガー [Nintendo Switch],2480,2480,https://kakaku.com/item/K0001447974/
太閤立志伝V DX [Nintendo Switch],3973,3973,https://kakaku.com/item/K0001421291/
大正×対称アリス HEADS & TAILS [Nintendo Switch],4870,4870,https://kakaku.com/item/K0001277826/
釣りスピリッツ 釣って遊べる水族館 [通常版] [Nintendo Switch],5327,5327,https://kakaku.com/item/K0001461810/
零 〜月蝕の仮面〜 プレミアムボックス [Nintendo Switch],6840,6840,https://kakaku.com/item/K0001494790/
A Space for the Unbound 心に咲く花 [Nintendo Switch],4378,4378,https://kakaku.com/item/K0001480020/
Air Twister [特別版] [Nintendo Switch],6232,6232,https://kakaku.com/item/K0001551901/
Minecraft Legends [Nintendo Switch],4365,4365,https://kakaku.com/item/K0001512718/
イースX - NORDICS - 《アドル・クリスティン》Edition [Nintendo Switch],9800,9800,https://kakaku.com/item/K0001543742/
クダンノフォークロア [Nintendo Switch],4013,4013,https://kakaku.com/item/K0001570163/
サンバDEアミーゴ：パーティーセントラル [Nintendo Switch],3955,3955,https://kakaku.com/item/K0001515146/
スーパーバレットブレイク [通常版] [Nintendo Switch],2180,2180,https://kakaku.com/item/K0001525506/
ゼノブレイド2 [通常版],6966,6968,https://kakaku.com/item/K0000935047/
ダウンタウン熱血物語SP [Nintendo Switch],3031,3031,https://kakaku.com/item/K0001551903/
ダブルドラゴン外伝 ライズ・オブ・ザ・ドラゴン [Nintendo Switch],3780,3780,https://kakaku.com/item/K0001551904/
ニーア オートマタ ジ エンド オブ ヨルハ エディション [Nintendo Switch],4500,4500,https://kakaku.com/item/K0001456175/
ピオフィオーレの晩鐘 - Episodio1926 - [通常版] [Nintendo Switch],5014,5014,https://kakaku.com/item/K0001266234/
ファイアーエムブレム エンゲージ [Nintendo Switch],5628,5630,https://kakaku.com/item/K0001472553/
フィットネスランナー [Nintendo Switch],4480,4480,https://kakaku.com/item/K0001474784/
ブラスターマスター ゼロ トリロジー メタファイトクロニクル [通常版] [Nintendo Switch],4890,4890,https://kakaku.com/item/K0001344911/
プリンセスピーチ Showtime！ [Nintendo Switch],5628,5628,https://kakaku.com/item/K0001568922/
ベヨネッタ オリジンズ： セレッサと迷子の悪魔 [Nintendo Switch],5484,5486,https://kakaku.com/item/K0001506333/
ペルソナ5 ザ・ロイヤル リマスター版 [Nintendo Switch],6122,6122,https://kakaku.com/item/K0001456178/
マリオ+ラビッツ ギャラクシーバトル [Nintendo Switch],4780,4780,https://kakaku.com/item/K0001361611/
ロックマンエグゼ アドバンスドコレクション [Nintendo Switch],4480,4480,https://kakaku.com/item/K0001473365/
映画 すみっコぐらし ツギハギ工場のふしぎなコ ゲームであそぼう！ 映画の世界 [Nintendo Switch],4318,4318,https://kakaku.com/item/K0001570161/
乙女ゲームの破滅フラグしかない悪役令嬢に転生してしまった… 〜波乱を呼ぶ海賊〜 [通常版] [Nintendo Switch],5025,5025,https://kakaku.com/item/K0001371739/
漢検スマート対策 [Nintendo Switch],4627,4627,https://kakaku.com/item/K0001478586/
鬼滅の刃 ヒノカミ血風譚 [通常版] [Nintendo Switch],5842,5842,https://kakaku.com/item/K0001420413/
幻世酔虎伝 プラス [通常版] [Nintendo Switch],3229,3229,https://kakaku.com/item/K0001562127/
御伽活劇 豆狸のバケル 〜オラクル祭太郎の祭難！！〜 [Nintendo Switch],4284,4284,https://kakaku.com/item/K0001547127/
鉄道にっぽん！Real Pro 特急走行！名古屋鉄道編 [Nintendo Switch],6854,6854,https://kakaku.com/item/K0001477339/
電車でGO！！ はしろう山手線 [Nintendo Switch],5150,5150,https://kakaku.com/item/K0001288403/
東方シンセカイ 霊夢と魔理沙の幻想郷大冒険パック [限定版] [Nintendo Switch],6520,6520,https://kakaku.com/item/K0001525505/
AI： ソムニウムファイル ニルヴァーナ イニシアチブ [Nintendo Switch],5485,5485,https://kakaku.com/item/K0001434544/
BLUE REFLECTION TIE 帝 [通常版] [Nintendo Switch],3536,3536,https://kakaku.com/item/K0001368206/
Devil Engine： Complete Edition [Nintendo Switch],3229,3229,https://kakaku.com/item/K0001551902/
FIFA 23 Legacy Edition [Nintendo Switch],3422,3422,https://kakaku.com/item/K0001463516/
Fit Boxing 2 - リズム&エクササイズ - [Nintendo Switch],4900,4973,https://kakaku.com/item/K0001292628/
Gravity Circuit [Nintendo Switch],3145,3145,https://kakaku.com/item/K0001570158/
HOP！ STEP！ DANCE！ [Nintendo Switch],4969,4969,https://kakaku.com/item/K0001568935/
Kizuna AI - Touch the Beat！ [限定版] [Nintendo Switch],6480,6480,https://kakaku.com/item/K0001506270/
Kizuna AI - Touch the Beat！ [通常版] [Nintendo Switch],3864,3864,https://kakaku.com/item/K0001506269/
Party Party Time [Nintendo Switch],2498,2498,https://kakaku.com/item/K0001557356/
SAGA PLANETS 4作品セット [Nintendo Switch],14500,14500,https://kakaku.com/item/K0001546368/
SANABI [通常版] [Nintendo Switch],4122,4122,https://kakaku.com/item/K0001562133/
Sea of Stars [Nintendo Switch],4822,4822,https://kakaku.com/item/K0001570159/
SNOWBROS. NICK & TOM SPECIAL [通常版] [Nintendo Switch],2835,2835,https://kakaku.com/item/K0001423786/
アイ★チュウ [通常版] [Nintendo Switch],6521,6521,https://kakaku.com/item/K0001466648/
アライアンス・アライブ HDリマスター [Nintendo Switch],2560,2560,https://kakaku.com/item/K0001169727/
インディヴィジブル 闇を祓う魂たち [Nintendo Switch],1050,1050,https://kakaku.com/item/K0001254517/
カブトクワガタ デラックス [Nintendo Switch],3121,3121,https://kakaku.com/item/K0001570157/
クドわふたー Converted Edition [Nintendo Switch],4284,4284,https://kakaku.com/item/K0001570162/
クライシス コア - ファイナルファンタジーVII - リユニオン [Nintendo Switch],4830,4830,https://kakaku.com/item/K0001472563/
クライマキナ CRYMACHINA [通常版] [Nintendo Switch],5780,5780,https://kakaku.com/item/K0001519956/
クライマキナ CRYMACHINA 数量限定はなまるBOX [Nintendo Switch],9256,9256,https://kakaku.com/item/K0001519975/
じゃんがりあん物語 でらっくちゅ [Nintendo Switch],2228,2228,https://kakaku.com/item/K0001577144/
ジョジョの奇妙な冒険 オールスターバトル R [Nintendo Switch],5070,5070,https://kakaku.com/item/K0001447975/
スーパーマリオメーカー 2 [Nintendo Switch],5355,5355,https://kakaku.com/item/K0001129823/
スーパーリアル麻雀 LOVE2〜7！ [通常版] [Nintendo Switch],5390,5390,https://kakaku.com/item/K0001221923/
スーパーロボット大戦30 [Nintendo Switch],3199,3199,https://kakaku.com/item/K0001362400/
ゼルダ無双 厄災の黙示録 [通常版] [Nintendo Switch],6549,6551,https://kakaku.com/item/K0001288377/
タイトーマイルストーン2 [Nintendo Switch],4153,4153,https://kakaku.com/item/K0001546157/
ディズニー イリュージョンアイランド 〜ミッキー&フレンズの不思議な冒険〜 [Nintendo Switch],4000,4000,https://kakaku.com/item/K0001540903/
テミラーナ国の強運姫と悲運騎士団 [通常版] [Nintendo Switch],5263,5263,https://kakaku.com/item/K0001507746/
テレネット シューティング コレクション [限定版] [Nintendo Switch],10112,10112,https://kakaku.com/item/K0001512177/
ときめきメモリアル Girl's Side 4th Heart [通常版] [Nintendo Switch],6627,6627,https://kakaku.com/item/K0001362401/
ドラゴンクエスト トレジャーズ 蒼き瞳と大空の羅針盤 [Nintendo Switch],6250,6250,https://kakaku.com/item/K0001456174/
ドラゴンボールZ KAKAROT + 新たなる覚醒セット [Nintendo Switch],5069,5069,https://kakaku.com/item/K0001362399/
ふたりで！にゃんこ大戦争 [通常版] [Nintendo Switch],1982,1982,https://kakaku.com/item/K0001294958/
ポケットモンスター スカーレット・バイオレット ダブルパック [Nintendo Switch],12181,12181,https://kakaku.com/item/K0001464056/
ミスト探偵 [Nintendo Switch],2480,2480,https://kakaku.com/item/K0001494791/
ミュータント タートルズ：シュレッダーの復讐 アニバーサリーエディション [Nintendo Switch],3391,3391,https://kakaku.com/item/K0001577143/
ユニコーンオーバーロード [通常版] [Nintendo Switch],7075,7075,https://kakaku.com/item/K0001568923/
ライザのアトリエ3 〜終わりの錬金術士と秘密の鍵〜 [Nintendo Switch],6800,6800,https://kakaku.com/item/K0001472560/
リアセカイ [Nintendo Switch],4900,4900,https://kakaku.com/item/K0001554778/
ロックマン ゼロ&ゼクス ダブルヒーローコレクション [ダウンロード版] [Nintendo Switch],3590,3590,https://kakaku.com/item/K0001376744/
英雄伝説 零の軌跡：改 [Nintendo Switch],3000,3000,https://kakaku.com/item/K0001535415/
五等分の花嫁 ごとぱずストーリー 豪華イラスト画集 中野五月セット [Nintendo Switch],4090,4090,https://kakaku.com/item/K0001516252/
上海LEGEND [Nintendo Switch],3188,3188,https://kakaku.com/item/K0001576552/
真・女神転生V [Nintendo Switch],5431,5431,https://kakaku.com/item/K0000935165/
大正×対称アリス all in one [Nintendo Switch],5880,5880,https://kakaku.com/item/K0001125435/
東方シンセカイ [通常版] [Nintendo Switch],4242,4242,https://kakaku.com/item/K0001525504/
夢幻戦士ヴァリスCOLLECTION III [通常版] [Nintendo Switch],6918,6918,https://kakaku.com/item/K0001570155/
役づくりパズル ゆめいろユラム [Nintendo Switch],4980,4980,https://kakaku.com/item/K0001557665/
遊戯王ラッシュデュエル 最強バトルロイヤル！！ [Nintendo Switch],800,800,https://kakaku.com/item/K0001353025/
流行り神1・2・3パック [Nintendo Switch],5005,5005,https://kakaku.com/item/K0001531391/
Alba Wildlife Adventure まもれ！動物の島 [Nintendo Switch],2827,2827,https://kakaku.com/item/K0001386667/
A列車で行こう ひろがる観光ライン ガイドブックパック [Nintendo Switch],8757,8757,https://kakaku.com/item/K0001463519/
BATSUGUN サターントリビュート Boosted [通常版] [Nintendo Switch],3209,3209,https://kakaku.com/item/K0001516244/
Bloodstained： Curse of the Moon Chronicles [限定版] [Nintendo Switch],7238,7238,https://kakaku.com/item/K0001526299/
CHAOS；HEAD NOAH   CHAOS；CHILD DOUBLE PACK [Nintendo Switch],5973,5973,https://kakaku.com/item/K0001413320/
CLOCK ZERO 〜終焉の一秒〜 Devote [通常版] [Nintendo Switch],4180,4180,https://kakaku.com/item/K0001144798/
Cuphead [Nintendo Switch],4041,4041,https://kakaku.com/item/K0001507743/
D.C.III P.S.〜ダ・カーポIII〜プラスストーリー [完全生産限定版] [Nintendo Switch],7367,7367,https://kakaku.com/item/K0001537891/
DesperaDrops デスペラドロップス [Nintendo Switch],6177,6177,https://kakaku.com/item/K0001563611/
Fate Samurai Remnant TREASURE BOX [Nintendo Switch],16380,,https://kakaku.com/item/K0001547133/
Fit Boxing 北斗の拳 〜お前はもう痩せている〜 [Nintendo Switch],6300,6409,https://kakaku.com/item/K0001472556/
GUNVOLT RECORDS 電子軌録律 [通常版] [Nintendo Switch],4284,4284,https://kakaku.com/item/K0001576554/
HARVESTELLA [Nintendo Switch],6249,6249,https://kakaku.com/item/K0001456176/
HHG ダブルパック [Nintendo Switch],10450,10450,https://kakaku.com/item/K0001557355/
HHG 女神の終焉 [初回限定版] [Nintendo Switch],10534,10534,https://kakaku.com/item/K0001557354/
Hyper→Highspeed→Genius [通常版] [Nintendo Switch],5055,5055,https://kakaku.com/item/K0001512719/
Little Witch Nobeta [豪華限定版] [Nintendo Switch],4506,4506,https://kakaku.com/item/K0001443708/
Minecraft Dungeons Ultimate Edition [Nintendo Switch],4491,4491,https://kakaku.com/item/K0001379785/
OCTOPATH TRAVELER [Nintendo Switch],6273,6273,https://kakaku.com/item/K0000935051/
OMORI [Nintendo Switch],3572,3572,https://kakaku.com/item/K0001468203/
Pokemon LEGENDS アルセウス [Nintendo Switch],5173,5173,https://kakaku.com/item/K0001335535/
SANABI デラックスエディション [Nintendo Switch],6872,6872,https://kakaku.com/item/K0001562134/
SNOWBROS. NICK & TOM SPECIAL [初回限定版] [Nintendo Switch],8960,,https://kakaku.com/item/K0001423787/
Summer Pockets REFLECTION BLUE [Nintendo Switch],7210,7210,https://kakaku.com/item/K0001344915/
THE KING OF FIGHTERS XIII GLOBAL MATCH [Nintendo Switch],3986,3986,https://kakaku.com/item/K0001561701/
THE 密室からの脱出 〜運命をつなぐ35の謎〜 [Nintendo Switch],2420,2420,https://kakaku.com/item/K0001051118/
Untitled Goose Game 〜いたずらガチョウがやって来た！〜 [Nintendo Switch],4013,4013,https://kakaku.com/item/K0001576553/
WRCジェネレーションズ [Nintendo Switch],4318,4318,https://kakaku.com/item/K0001478581/
アイドルマネージャー [Nintendo Switch],1480,1480,https://kakaku.com/item/K0001446278/
アオナツライン [通常版] [Nintendo Switch],4930,4930,https://kakaku.com/item/K0001412509/
アズールレーン クロスウェーブ [キャラファインボード付き特装版] [Nintendo Switch],6973,6973,https://kakaku.com/item/K0001531639/
イースVIII - Lacrimosa of DANA - [Nintendo Switch],6345,6345,https://kakaku.com/item/K0001025205/
ウルトラストリートファイターII ザ・ファイナルチャレンジャーズ [Best Price 2022-12-01] [Nintendo Switch],2228,2228,https://kakaku.com/item/K0001496607/
エスプガルーダII 〜覚聖せよ。生まれし第三の輝石〜 [Nintendo Switch],4041,4041,https://kakaku.com/item/K0001557663/
カードファイト！！ ヴァンガード ディアデイズ [Nintendo Switch],6082,6082,https://kakaku.com/item/K0001459131/
カプコン ファイティング コレクション ファイティング レジェンズ パック [Nintendo Switch],8050,,https://kakaku.com/item/K0001423199/
がるメタる！ [Nintendo Switch],660,660,https://kakaku.com/item/K0001020708/
キューピット・パラサイト - Sweet & Spicy Darling. - [通常版] [Nintendo Switch],6192,6192,https://kakaku.com/item/K0001542152/
キューピット・パラサイト [通常版] [Nintendo Switch],5932,5932,https://kakaku.com/item/K0001252274/
くにおくんの三国志だよ全員集合！ [Nintendo Switch],2818,2818,https://kakaku.com/item/K0001441384/
コアとマーラの5人の海賊 [Nintendo Switch],2980,2980,https://kakaku.com/item/K0001540905/
この素晴らしい世界に祝福を！〜呪いの遺物と惑いし冒険者たち〜 [完全生産限定版] [Nintendo Switch],5134,5134,https://kakaku.com/item/K0001435183/
サムライスピリッツ ネオジオコレクション [Nintendo Switch],4250,4340,https://kakaku.com/item/K0001262785/
ジャストダンス2023エディション [Nintendo Switch],3280,3280,https://kakaku.com/item/K0001474139/
シロナガス島への帰還 [Nintendo Switch],2052,2052,https://kakaku.com/item/K0001463518/
スーパー・ストリート：Racer [Nintendo Switch],3430,3430,https://kakaku.com/item/K0001225939/
スプラトゥーン3 [ダウンロード版] [Nintendo Switch],5850,5850,https://kakaku.com/item/K0001441939/
ゼノブレイド ディフィニティブ・エディション [ダウンロード版] [Nintendo Switch],5920,5920,https://kakaku.com/item/K0001263903/
ゼルダの伝説 スカイウォードソード HD [Nintendo Switch],4690,4690,https://kakaku.com/item/K0001333397/
ソニックフロンティア [Nintendo Switch],3110,3110,https://kakaku.com/item/K0001466540/
ダイイングライト プラチナエディション [Nintendo Switch],4973,4973,https://kakaku.com/item/K0001387046/
ダンガンロンパ トリロジーパック + ハッピーダンガンロンパS 超高校級の南国サイコロ合宿 [Nintendo Switch],4427,4427,https://kakaku.com/item/K0001362406/
チキップダンサーズ ノリノリダンスでこころもおどる [Nintendo Switch],2233,2233,https://kakaku.com/item/K0001436978/
ドカポンキングダム コネクト [Nintendo Switch],5127,5127,https://kakaku.com/item/K0001510616/
トライアングルストラテジー [Nintendo Switch],5970,5970,https://kakaku.com/item/K0001333400/
トリスティア：レガシー [Nintendo Switch],5151,5151,https://kakaku.com/item/K0001490624/
なつもん！ 20世紀の夏休み [Nintendo Switch],5536,5538,https://kakaku.com/item/K0001515150/
ニード・フォー・スピード ホット・パースート リマスター [Nintendo Switch],3273,3273,https://kakaku.com/item/K0001299803/
ハコボーイ！&ハコガール！ [ダウンロード版] [Nintendo Switch],1220,,https://kakaku.com/item/K0001273798/
パワプロクンポケットR [Nintendo Switch],941,941,https://kakaku.com/item/K0001362403/
ビルシャナ戦姫 〜源平飛花夢想〜 [通常版] [Nintendo Switch],5064,5064,https://kakaku.com/item/K0001273867/
ひろがるスカイ！プリキュア ひろがる！パズルコレクション [Nintendo Switch],3457,3457,https://kakaku.com/item/K0001543740/
ファイアーエムブレム 風花雪月 [通常版] [Nintendo Switch],6346,6346,https://kakaku.com/item/K0000936314/
ファイアーエムブレム無双 風花雪月 [Nintendo Switch],3300,3300,https://kakaku.com/item/K0001421285/
ファイナルファンタジーXII ザ ゾディアック エイジ [Nintendo Switch],5170,5170,https://kakaku.com/item/K0001122397/
ぷるきゃらフレンズ ほっぺちゃんとサンリオキャラクターズ [Nintendo Switch],4155,4155,https://kakaku.com/item/K0001134854/
ベヨネッタ3 トリニティ マスカレイド エディション [Nintendo Switch],5057,5108,https://kakaku.com/item/K0001476285/
ホーギーヒューwithフレンズ+焔龍聖拳シャオメイ [Nintendo Switch],3266,3266,https://kakaku.com/item/K0001474136/
ポケットモンスター ブリリアントダイヤモンド [Nintendo Switch],2500,2500,https://kakaku.com/item/K0001335533/
マジカルドロップVI [Nintendo Switch],3156,3156,https://kakaku.com/item/K0001551663/
みんな大好き塊魂アンコール+ 王様プチメモリー [Nintendo Switch],3274,3274,https://kakaku.com/item/K0001515151/
メモリーズオフ ヒストリア 上巻 [通常版] [Nintendo Switch],5210,5210,https://kakaku.com/item/K0001306471/
やはりゲームでも俺の青春ラブコメはまちがっている。&続 おまとめセット [Nintendo Switch],5655,5655,https://kakaku.com/item/K0001454541/
やはりゲームでも俺の青春ラブコメはまちがっている。完 [限定版] [Nintendo Switch],10510,10510,https://kakaku.com/item/K0001510614/
やわらかあたま塾 いっしょにあたまのストレッチ [Nintendo Switch],2627,2627,https://kakaku.com/item/K0001386666/
ライザのアトリエ 〜常闇の女王と秘密の隠れ家〜 [通常版] [Nintendo Switch],6974,6974,https://kakaku.com/item/K0001164105/
ルーンファクトリー3スペシャル Dream Collection [限定版] [Nintendo Switch],4430,4430,https://kakaku.com/item/K0001488662/
ルーンファクトリー4スペシャル [BEST PRICE] [Nintendo Switch],2682,2682,https://kakaku.com/item/K0001474138/
ワンダーボーイ アルティメット コレクション スペシャルパック [Nintendo Switch],7880,7880,https://kakaku.com/item/K0001464841/
異夢迷都 果てなき螺旋 [Nintendo Switch],1280,1280,https://kakaku.com/item/K0001506271/
英雄伝説 閃の軌跡II：改 - The Erebonian Civil War - [Nintendo Switch],3353,3353,https://kakaku.com/item/K0001348933/
華アワセ 朔 - いろは編 - [Nintendo Switch],4284,4284,https://kakaku.com/item/K0001542160/
華アワセ 朔 - 姫空木編 - [Nintendo Switch],4284,4284,https://kakaku.com/item/K0001542158/
逆転裁判123 成歩堂セレクション [通常版] [Nintendo Switch],3027,3027,https://kakaku.com/item/K0001108534/
逆転裁判456 王泥喜セレクション [Nintendo Switch],5314,5314,https://kakaku.com/item/K0001570221/
結城友奈は勇者である 〜花結いのきらめき〜 Vol.1 [Nintendo Switch],7125,7125,https://kakaku.com/item/K0001576558/
結城友奈は勇者である 〜花結いのきらめき〜 Vol.4 [Nintendo Switch],7125,7125,https://kakaku.com/item/K0001576561/
紅魔城レミリアII 妖幻の鎮魂歌 [通常版] [Nintendo Switch],3572,3572,https://kakaku.com/item/K0001570164/
彩京 SHOOTING LIBRARY Vol.1 [通常版] [Nintendo Switch],3255,3255,https://kakaku.com/item/K0001154218/
三国恋戦記〜オトメの兵法！〜 [Nintendo Switch],5750,5750,https://kakaku.com/item/K0001088095/
三國志14 with パワーアップキット [Nintendo Switch],8618,8618,https://kakaku.com/item/K0001286668/
時計仕掛けのレイライン - 陽炎に彷徨う魔女 - [Nintendo Switch],5609,5609,https://kakaku.com/item/K0001323581/
終遠のヴィルシュ - EpiC：lycoris - オトメイト スイート BOX [Nintendo Switch],16269,16269,https://kakaku.com/item/K0001531390/
終遠のヴィルシュ - ErroR：salvation - [通常版] [Nintendo Switch],5882,5882,https://kakaku.com/item/K0001353029/
真 流行り神1・2パック [Nintendo Switch],4164,4164,https://kakaku.com/item/K0001154222/
聖剣伝説3 トライアルズ オブ マナ [Nintendo Switch],4718,4718,https://kakaku.com/item/K0001165321/
聖剣伝説コレクション,4218,4218,https://kakaku.com/item/K0000953270/
雪ん娘大旋風 〜さゆきとこゆきのひえひえ大騒動〜 [Nintendo Switch],3552,3552,https://kakaku.com/item/K0001490628/
蒼の彼方のフォーリズム for Nintendo Switch,5596,5596,https://kakaku.com/item/K0001519777/
地球防衛軍4.1 for Nintendo Switch,4780,4780,https://kakaku.com/item/K0001480017/
超次元ゲイム ネプテューヌ GameMaker R：Evolution [通常版] [Nintendo Switch],5773,5773,https://kakaku.com/item/K0001526003/
天獄ストラグル - strayside - [通常版] [Nintendo Switch],4880,4880,https://kakaku.com/item/K0001425536/
天穂のサクナヒメ [BEST PRICE] [Nintendo Switch],2714,2714,https://kakaku.com/item/K0001403072/
怒首領蜂大往生 臨廻転生 [限定版] [Nintendo Switch],8689,8689,https://kakaku.com/item/K0001563609/
怒首領蜂大復活 [Nintendo Switch],4008,4008,https://kakaku.com/item/K0001546871/
東北大学加齢医学研究所 川島隆太教授監修 脳を鍛える大人のNintendo Switchトレーニング [Nintendo Switch],3280,3280,https://kakaku.com/item/K0001196365/
忍者じゃじゃ丸 コレクション [Nintendo Switch],3118,3118,https://kakaku.com/item/K0001191008/
白昼夢の青写真 コレクターズ・ボックス [限定版] [Nintendo Switch],8830,8830,https://kakaku.com/item/K0001469155/
飛翔鮫！鮫！鮫！ - TOAPLAN ARCADE GARAGE - [Nintendo Switch],5700,5700,https://kakaku.com/item/K0001421076/
魔界戦記ディスガイア7 [Nintendo Switch],5000,5680,https://kakaku.com/item/K0001466655/
夢幻戦士ヴァリスCOLLECTION III [特装版] [Nintendo Switch],13127,13127,https://kakaku.com/item/K0001570156/
遊んで強くなる！銀星囲碁・将棋・麻雀DX [Nintendo Switch],5304,5304,https://kakaku.com/item/K0001512724/
零 〜濡鴉ノ巫女〜 [Nintendo Switch],4100,4100,https://kakaku.com/item/K0001362405/
「東方蒼神縁起V」&「東方幻想魔録W」ダブルパック [限定版] [Nintendo Switch],11589,11589,https://kakaku.com/item/K0001529624/
「東方蒼神縁起V」&「東方幻想魔録W」ダブルパック [通常版] [Nintendo Switch],4973,4973,https://kakaku.com/item/K0001529623/
9 - nine - [Nintendo Switch],4690,4690,https://kakaku.com/item/K0001428570/
9 R.I.P. [通常版] [Nintendo Switch],6184,6184,https://kakaku.com/item/K0001519285/
AIR [Nintendo Switch],3980,3980,https://kakaku.com/item/K0001366379/
Air Twister [通常版] [Nintendo Switch],3523,3523,https://kakaku.com/item/K0001551900/
AKIBA'S TRIP2 ディレクターズカット [通常版] [Nintendo Switch],4690,4690,https://kakaku.com/item/K0001493703/
AMNESIA World for Nintendo Switch [通常版],2480,2480,https://kakaku.com/item/K0001348928/
ARMS,5309,5309,https://kakaku.com/item/K0000935046/
BATSUGUN サターントリビュート Boosted [特装版] [Nintendo Switch],6118,6118,https://kakaku.com/item/K0001516245/
Beautiful Desolation [Nintendo Switch],2560,2560,https://kakaku.com/item/K0001537887/
BLADE ARCUS Rebellion from Shining - Premium Fan Box - [限定版] [Nintendo Switch],8872,8872,https://kakaku.com/item/K0001111122/
BLADE ARCUS Rebellion from Shining [通常版] [Nintendo Switch],4900,4900,https://kakaku.com/item/K0001111121/
Bloodstained： Curse of the Moon Chronicles [通常版] [Nintendo Switch],3136,3136,https://kakaku.com/item/K0001526298/
Caligula2 [初回生産限定版] [Nintendo Switch],3895,3895,https://kakaku.com/item/K0001333402/
Cave Story+ 洞窟物語 [Nintendo Switch],3544,3544,https://kakaku.com/item/K0001014342/
CLANNAD [Nintendo Switch],4580,4580,https://kakaku.com/item/K0001140498/
Cris Tales [Nintendo Switch],3800,3800,https://kakaku.com/item/K0001429184/
CRYSTAR - クライスタ - [通常版] [Nintendo Switch],4313,4313,https://kakaku.com/item/K0001403759/
D.C.4 Fortunate Departures 〜ダ・カーポ4〜 フォーチュネイトデパーチャーズ [完全生産限定版] [Nintendo Switch],5520,5520,https://kakaku.com/item/K0001456182/
D.C.5 〜ダ・カーポ5〜 [完全生産限定版] [Nintendo Switch],11589,11589,https://kakaku.com/item/K0001570154/
D.C.5 〜ダ・カーポ5〜 [通常版] [Nintendo Switch],8018,8018,https://kakaku.com/item/K0001570153/
DeepOne [完全生産限定版] [Nintendo Switch],9040,9040,https://kakaku.com/item/K0001528006/
DIABOLIK LOVERS CHAOS LINEAGE [通常版] [Nintendo Switch],5734,5734,https://kakaku.com/item/K0001118408/
Eastward [Nintendo Switch],2973,2973,https://kakaku.com/item/K0001376152/
eBASEBALLプロ野球スピリッツ2021 グランドスラム [Nintendo Switch],7678,,https://kakaku.com/item/K0001333399/
FiNC HOME FiT [Nintendo Switch],4458,4458,https://kakaku.com/item/K0001286680/
Fit Boxing 2 - リズム&エクササイズ - [ダウンロード版] [Nintendo Switch],5740,5740,https://kakaku.com/item/K0001348595/
Gimmick！ Special Edition [通常版] [Nintendo Switch],3229,3229,https://kakaku.com/item/K0001546153/
Grim Guardians： Demon Purge [限定版] [Nintendo Switch],5848,,https://kakaku.com/item/K0001507752/
HOT WHEELS UNLEASHED 2 - Turbocharged [Nintendo Switch],5339,5339,https://kakaku.com/item/K0001557358/
Ib [通常版] [Nintendo Switch],3234,3234,https://kakaku.com/item/K0001506266/
ISLAND [Nintendo Switch],4518,4518,https://kakaku.com/item/K0001326990/
JUST DANCE 2020 [Nintendo Switch],6380,6380,https://kakaku.com/item/K0001224171/
King's Bounty II [Nintendo Switch],4841,4841,https://kakaku.com/item/K0001358748/
LEGO ワールド 目指せマスタービルダー [Nintendo Switch],3300,3300,https://kakaku.com/item/K0000992257/
LITTLE NIGHTMARES-リトルナイトメア- Deluxe Edition [Nintendo Switch],2480,2480,https://kakaku.com/item/K0001044464/
MODEL Debut #nicola [Nintendo Switch],5880,5880,https://kakaku.com/item/K0001182089/
Money Parasite 〜嘘つきな女〜 [特典同梱限定版] [Nintendo Switch],4121,4121,https://kakaku.com/item/K0001477338/
MUSICUS！ [通常版] [Nintendo Switch],5787,5787,https://kakaku.com/item/K0001414566/
NARUTO X BORUTO ナルティメットストームコネクションズ [Nintendo Switch],6836,6836,https://kakaku.com/item/K0001564277/
NBA 2K24 コービー・ブライアント エディション [Nintendo Switch],5542,5542,https://kakaku.com/item/K0001552295/
NEOGEO POCKET COLOR SELECTION Vol.2 [Nintendo Switch],3948,3948,https://kakaku.com/item/K0001497715/
NeverAwake [通常版] [Nintendo Switch],2827,2827,https://kakaku.com/item/K0001474791/
NeverAwake Premium Edition [Nintendo Switch],6402,,https://kakaku.com/item/K0001474792/
New ポケモンスナップ [Nintendo Switch],3200,3200,https://kakaku.com/item/K0001266393/
Nintendo Labo Toy-Con 01：Variety Kit [Nintendo Switch],6881,6881,https://kakaku.com/item/K0001026751/
No Man's Sky [Nintendo Switch],5001,5001,https://kakaku.com/item/K0001460623/
Ori and the Will of the Wisps [Nintendo Switch],3920,3920,https://kakaku.com/item/K0001415522/
PAC-MAN WORLD Re-PAC [Nintendo Switch],2050,2050,https://kakaku.com/item/K0001456177/
Panty Party完全体 [通常版] [Nintendo Switch],2973,2973,https://kakaku.com/item/K0001277824/
RE：D Cherish！ [完全生産限定版] [Nintendo Switch],9090,9090,https://kakaku.com/item/K0001557361/
RE：D Cherish！ [通常版] [Nintendo Switch],6232,6232,https://kakaku.com/item/K0001557360/
RPGタイム！〜ライトの伝説〜 [完全生産限定版] [Nintendo Switch],4964,4964,https://kakaku.com/item/K0001476286/
RWBY アロウフェル [Nintendo Switch],2450,2450,https://kakaku.com/item/K0001519780/
SD シン・仮面ライダー 乱舞 [Nintendo Switch],2800,2909,https://kakaku.com/item/K0001512209/
Sifu [Nintendo Switch],3900,4104,https://kakaku.com/item/K0001490626/
SIGNALIS [Nintendo Switch],3500,3500,https://kakaku.com/item/K0001474199/
SNIPER ELITE 4 [Nintendo Switch],4374,4374,https://kakaku.com/item/K0001308771/
Steins；Gate ELITE [通常版] [Nintendo Switch],6588,6588,https://kakaku.com/item/K0001013508/
Temtem DXエディション [Nintendo Switch],5162,5162,https://kakaku.com/item/K0001446701/
The DioField Chronicle [Nintendo Switch],2286,2286,https://kakaku.com/item/K0001459136/
The Elder Scrolls V： Skyrim [ダウンロード版] [Nintendo Switch],6910,6910,https://kakaku.com/item/K0001279746/
Winning Post 10 [通常版] [Nintendo Switch],7888,7888,https://kakaku.com/item/K0001502517/
アーキタイプ・アーカディア [Nintendo Switch],2973,2973,https://kakaku.com/item/K0001368755/
アイ★チュウ エトワールボックス [Nintendo Switch],12580,12580,https://kakaku.com/item/K0001466649/
アイドル雀士スーチーパイ サターントリビュート [通常版] [Nintendo Switch],4480,4480,https://kakaku.com/item/K0001461769/
あつまれ どうぶつの森 [ダウンロード版] [Nintendo Switch],5920,5920,https://kakaku.com/item/K0001263904/
アナザーコード リコレクション：2つの記憶   記憶の扉 [Nintendo Switch],5628,5628,https://kakaku.com/item/K0001568930/
あの、素晴らしい をもう一度 再装版HD [限定版] [Nintendo Switch],6600,6600,https://kakaku.com/item/K0001501322/
あの、素晴らしい をもう一度 再装版HD [通常版] [Nintendo Switch],3200,3200,https://kakaku.com/item/K0001501321/
アパシー 鳴神学園七不思議 [限定版] [Nintendo Switch],12873,,https://kakaku.com/item/K0001429179/
アマカノ [Nintendo Switch],3200,3200,https://kakaku.com/item/K0001474137/
アマカノ 〜Second Season〜 [Nintendo Switch],6070,6070,https://kakaku.com/item/K0001557661/
アマカノ&アマカノ 〜Second Season〜 ダブルパック [Nintendo Switch],9835,9835,https://kakaku.com/item/K0001557662/
アレスタコレクション [通常版] [Nintendo Switch],5700,5700,https://kakaku.com/item/K0001315514/
イースIX - Monstrum NOX - [Nintendo Switch],5736,5736,https://kakaku.com/item/K0001354652/
いっしょにチョキッと スニッパーズ プラス,3100,3100,https://kakaku.com/item/K0000998240/
イルベロスウォンプ+ラジルギスワッグ [愛憎版] [Nintendo Switch],7190,7190,https://kakaku.com/item/K0001371738/
ウィッチャー3 ワイルドハント コンプリートエディション [Nintendo Switch],5500,5500,https://kakaku.com/item/K0001184408/
ウィンドストーム ザ・コレクション [Nintendo Switch],2904,2904,https://kakaku.com/item/K0001463515/
ウルトラ怪獣モンスターファーム [Nintendo Switch],3653,3653,https://kakaku.com/item/K0001454809/
エーペックスレジェンズ チャンピオンエディション [Nintendo Switch],2828,2828,https://kakaku.com/item/K0001347711/
オクトパストラベラーII [Nintendo Switch],6380,6380,https://kakaku.com/item/K0001472557/
おさわり探偵小沢里奈 里奈となめこの事件簿 [Nintendo Switch],4306,4306,https://kakaku.com/item/K0001461759/
おすそわける メイド イン ワリオ [ダウンロード版] [Nintendo Switch],4860,4860,https://kakaku.com/item/K0001376865/
カプコン ベルトアクション コレクション [Best Price] [Nintendo Switch],2180,2180,https://kakaku.com/item/K0001496608/
ガラス姫と鏡の従者 [通常版] [Nintendo Switch],5280,5280,https://kakaku.com/item/K0001391056/
ギガントサウルス ザ・ゲーム [豪華特別版] [Nintendo Switch],6376,6376,https://kakaku.com/item/K0001577982/
ギガントサウルス ザ・ゲーム [通常版] [Nintendo Switch],4464,4464,https://kakaku.com/item/K0001577142/
キルラキル ザ・ゲーム - 異布 - [通常版] [Nintendo Switch],5560,5560,https://kakaku.com/item/K0001142565/
くにおくん ザ・ワールド クラシックスコレクション [Nintendo Switch],4527,4527,https://kakaku.com/item/K0001087092/
クラッシュ・バンディクー ブッとび3段もり！ ボーナスエディション [Nintendo Switch],4036,4036,https://kakaku.com/item/K0001075670/
ケムコRPGセレクション Vol.4 [Nintendo Switch],3071,3071,https://kakaku.com/item/K0001540902/
ゴースト トリック [Nintendo Switch],3500,3562,https://kakaku.com/item/K0001515148/
コーヒートーク エピソード2：ハイビスカス&バタフライ [Nintendo Switch],1680,1680,https://kakaku.com/item/K0001510615/
コズミック・ファンタジーCOLLECTION [限定版] [Nintendo Switch],9081,9081,https://kakaku.com/item/K0001477336/
コズミック・ファンタジーCOLLECTION [通常版] [Nintendo Switch],5016,5016,https://kakaku.com/item/K0001477335/
コットンロックンロール [通常版] [Nintendo Switch],3780,3780,https://kakaku.com/item/K0001364669/
ザ・ランブルフィッシュ2 コレクターズエディション [Nintendo Switch],4180,4180,https://kakaku.com/item/K0001474786/
サイキック5 エターナル エスパー団エディション [特装版] [Nintendo Switch],6448,6448,https://kakaku.com/item/K0001529627/
さくら、もゆ。- as the Night's Reincarnation - [通常版] [Nintendo Switch],6350,6350,https://kakaku.com/item/K0001497713/
スーパーマリオ 3Dコレクション [Nintendo Switch],7000,,https://kakaku.com/item/K0001286792/
スーパーマリオ 3Dワールド + フューリーワールド [ダウンロード版] [Nintendo Switch],5920,5920,https://kakaku.com/item/K0001347448/
スーパーロボット大戦T [Nintendo Switch],5299,5299,https://kakaku.com/item/K0001109390/
すだまリレイシヨン [通常版] [Nintendo Switch],4446,4446,https://kakaku.com/item/K0001507010/
スプラトゥーン2,5076,5076,https://kakaku.com/item/K0000932977/
スプラトゥーン2 すぐに遊べる Proコントローラーセット [Nintendo Switch],13572,,https://kakaku.com/item/K0001306278/
すみっコぐらし みんなでリズムパーティ [Nintendo Switch],4021,4023,https://kakaku.com/item/K0001468207/
ゼノブレイド2 + エキスパンション・パス セット [ダウンロード版] [Nintendo Switch],10650,10650,https://kakaku.com/item/K0001398437/
ゼルダの伝説 ブレス オブ ザ ワイルド [ダウンロード版] [Nintendo Switch],6910,6910,https://kakaku.com/item/K0001279738/
ゾイドワイルド インフィニティブラスト [Nintendo Switch],6550,6550,https://kakaku.com/item/K0001285403/
ソードアート・オンライン - ホロウ・リアリゼーション - DELUXE EDITION [ダウンロード版] [Nintendo Switch],5640,,https://kakaku.com/item/K0001273808/
ソードアート・オンライン アリシゼーション リコリス [Nintendo Switch],4690,4690,https://kakaku.com/item/K0001461762/
タイトーLDゲームコレクション [特装版] [Nintendo Switch],15872,15872,https://kakaku.com/item/K0001554774/
タイトーマイルストーン [Nintendo Switch],4773,4773,https://kakaku.com/item/K0001365137/
デジモンサヴァイブ [Nintendo Switch],1790,1790,https://kakaku.com/item/K0001436977/
デモンゲイズ エクストラ メモリアルエディション [限定版] [Nintendo Switch],4297,4297,https://kakaku.com/item/K0001358676/
テラリア [Nintendo Switch],3460,3460,https://kakaku.com/item/K0001197865/
テレネット シューティング コレクション [通常版] [Nintendo Switch],5350,5350,https://kakaku.com/item/K0001512176/
ドカポンUP！ 夢幻のルーレット プレミアムエディション [Nintendo Switch],3937,,https://kakaku.com/item/K0001284352/
ドラえもん のび太の牧場物語 大自然の王国とみんなの家 [Nintendo Switch],4693,4693,https://kakaku.com/item/K0001454555/
ドラえもん学習コレクション [Nintendo Switch],4273,4273,https://kakaku.com/item/K0001313543/
ドラゴンクエストX オンライン オールインワンパッケージ version 1-6 [Nintendo Switch],3936,3936,https://kakaku.com/item/K0001461768/
ドラゴンクエストX 天星の英雄たち オンライン [Nintendo Switch],3680,3680,https://kakaku.com/item/K0001371667/
ドラゴンクエストヒーローズI・II for Nintendo Switch,9899,9899,https://kakaku.com/item/K0000935050/
ドラゴンクエストビルダーズ2 破壊神シドーとからっぽの島 [新価格版] [Nintendo Switch],4555,4555,https://kakaku.com/item/K0001294953/
ドラゴンボール ザ ブレイカーズ スペシャルエディション [Nintendo Switch],1920,1920,https://kakaku.com/item/K0001461763/
ドラゴンボール ファイターズ [Nintendo Switch],4555,4555,https://kakaku.com/item/K0001066745/
トラブル ウィッチーズ ふぁいなる！ 〜Episode 01 アマルガムの娘たち〜 [Nintendo Switch],4472,4472,https://kakaku.com/item/K0001490627/
トリガーハート エグゼリカ [Nintendo Switch],4284,4284,https://kakaku.com/item/K0001570160/
トリスティア とりとりバンドルパック [Nintendo Switch],7408,7408,https://kakaku.com/item/K0001490625/
トリスティア：リストア [Nintendo Switch],2480,2480,https://kakaku.com/item/K0001490623/
トロピコ 6 Nintendo Switchエディション,5105,5105,https://kakaku.com/item/K0001339324/
ニル・アドミラリの天秤 色ドリ撫子 [通常版] [Nintendo Switch],5255,5255,https://kakaku.com/item/K0001065909/
ネコ・トモ スマイルましまし [Nintendo Switch],3560,3560,https://kakaku.com/item/K0001292627/
ハーヴェストオーバーレイ+彼女(あのコ)はオレからはなれない [完全生産限定版] [Nintendo Switch],4939,4939,https://kakaku.com/item/K0001454543/
ハーヴェストオーバーレイ+彼女(あのコ)はオレからはなれない [通常版] [Nintendo Switch],4222,4222,https://kakaku.com/item/K0001454542/
パウ・パトロール グランプリ [Nintendo Switch],4374,4374,https://kakaku.com/item/K0001463517/
ハジラブ - Making*Lovers - [完全生産限定版] [Nintendo Switch],5146,5146,https://kakaku.com/item/K0001433159/
ハジラブ - Making*Lovers - [通常版] [Nintendo Switch],5555,5555,https://kakaku.com/item/K0001433158/
パスパルトゥー2：あるアーティストのキセキ [通常版] [Nintendo Switch],3121,3121,https://kakaku.com/item/K0001542162/
はつゆきさくら [通常版] [Nintendo Switch],4418,4418,https://kakaku.com/item/K0001520459/
バブルボブル 4 フレンズ [Nintendo Switch],4130,4130,https://kakaku.com/item/K0001221220/
ヒューマン フォール フラット [Nintendo Switch],3209,3209,https://kakaku.com/item/K0001256606/
ファーミングシミュレーター 23： Nintendo Switch Edition,5700,5700,https://kakaku.com/item/K0001519781/
フィスト 紅蓮城の闇 [Nintendo Switch],2766,2766,https://kakaku.com/item/K0001446277/
フォートナイト ミンティーレジェンドパック [Nintendo Switch],3780,3780,https://kakaku.com/item/K0001412504/
ふたりで！にゃんこ大戦争 [ダウンロード版] [Nintendo Switch],1010,,https://kakaku.com/item/K0001279747/
プリティ・プリンセス マジカルガーデンアイランド [Nintendo Switch],4255,4255,https://kakaku.com/item/K0001529622/
プリンセスメーカー2 リジェネレーション [通常版] [Nintendo Switch],3572,3572,https://kakaku.com/item/K0001562129/
フローラル・フローラブ [完全生産限定版] [Nintendo Switch],8800,8800,https://kakaku.com/item/K0001546152/
ペーパーマリオ オリガミキング [Nintendo Switch],5182,5182,https://kakaku.com/item/K0001257441/
ベヨネッタ [Nintendo Switch],3000,3000,https://kakaku.com/item/K0001460242/
ベヨネッタ2 [Nintendo Switch],5673,5673,https://kakaku.com/item/K0001019145/
ペルソナ4 ジ・アルティマックス ウルトラスープレックスホールド リマスター版 [Nintendo Switch],2500,2500,https://kakaku.com/item/K0001414568/
ポケットモンスター シールド [Nintendo Switch],4780,4780,https://kakaku.com/item/K0001134645/
ポケットモンスター スカーレット [ダウンロード版] [Nintendo Switch],5850,5850,https://kakaku.com/item/K0001464195/
ポケットモンスター ブリリアントダイヤモンド・シャイニングパール ダブルパック [Nintendo Switch],10321,10321,https://kakaku.com/item/K0001357756/
ポッ拳 POKKEN TOURNAMENT DX,5409,5409,https://kakaku.com/item/K0000972110/
マクロス - Shooting Insight - [初回限定版] [Nintendo Switch],6190,6190,https://kakaku.com/item/K0001564988/
マッチポイント：テニス チャンピオンシップ [Nintendo Switch],5036,5036,https://kakaku.com/item/K0001454540/
マリーのアトリエ Remake 〜ザールブルグの錬金術士〜 [Nintendo Switch],5132,5132,https://kakaku.com/item/K0001515152/
マリオカート8 デラックス [ダウンロード版] [Nintendo Switch],5920,5920,https://kakaku.com/item/K0001263910/
マリオストライカーズ： バトルリーグ [Nintendo Switch],5327,5327,https://kakaku.com/item/K0001421288/
ミートピア [Nintendo Switch],4473,4473,https://kakaku.com/item/K0001333393/
ミュータント タートルズ：シュレッダーの復讐 スペシャルエディション [Nintendo Switch],3548,3548,https://kakaku.com/item/K0001452506/
みんなで空気読み。コロコロコミックVer.〜コロコロコミック読みますか？それとも空気読みますか？〜 [Nintendo Switch],3229,3229,https://kakaku.com/item/K0001577145/
みんなのカーリング [Nintendo Switch],2170,2170,https://kakaku.com/item/K0001413314/
メタリックチャイルド [Nintendo Switch],3531,3531,https://kakaku.com/item/K0001364671/
メタルドッグス わんわんわんダフル エディション [限定版] [Nintendo Switch],4766,,https://kakaku.com/item/K0001413684/
もしかして？ おばけの射的屋 for Nintendo Switch,4273,4273,https://kakaku.com/item/K0001348935/
モナーク Monark [通常版] [Nintendo Switch],2024,2024,https://kakaku.com/item/K0001363388/
モンスターハンターストーリーズ2 〜破滅の翼〜 [Best Price] [Nintendo Switch],2690,2690,https://kakaku.com/item/K0001496605/
モンスターハンターストーリーズ2 〜破滅の翼〜 [Nintendo Switch],3700,,https://kakaku.com/item/K0001339587/
モンスターハンターダブルクロス Nintendo Switch Ver. [Best Price] [ダウンロード版],3650,3650,https://kakaku.com/item/K0001279742/
モンスターハンターライズ [Best Price 2022 11 25] [Nintendo Switch],3380,3380,https://kakaku.com/item/K0001496604/
ヤマノススメ Next Summit 〜あの山に、もう一度〜 [完全生産限定版] [Nintendo Switch],11589,11589,https://kakaku.com/item/K0001561703/
ヤマノススメ Next Summit 〜あの山に、もう一度〜 [通常版] [Nintendo Switch],7125,7125,https://kakaku.com/item/K0001561702/
ヨッシークラフトワールド [Nintendo Switch],5255,5255,https://kakaku.com/item/K0000973963/
ライザのアトリエ2 〜失われた伝承と秘密の妖精〜 スペシャルコレクションボックス [Nintendo Switch],21498,,https://kakaku.com/item/K0001284355/
ライフ イン ウィローデール：ファーム アドベンチャー [Nintendo Switch],2780,2780,https://kakaku.com/item/K0001469159/
ラジルギ2 [通常版] [Nintendo Switch],4704,4704,https://kakaku.com/item/K0001564985/
リディー&スールのアトリエ 〜不思議な絵画の錬金術士〜 [通常版] [Nintendo Switch],8030,,https://kakaku.com/item/K0000989867/
リトルナイトメア2 [Nintendo Switch],3145,3145,https://kakaku.com/item/K0001292087/
ルーンファクトリー4スペシャル [ダウンロード版] [Nintendo Switch],2950,2950,https://kakaku.com/item/K0001271436/
レイズ アーケード クロノロジー [特装版] [Nintendo Switch],16630,16630,https://kakaku.com/item/K0001461761/
レイトン ミステリージャーニー カトリーエイルと大富豪の陰謀 DX+ [Nintendo Switch],4122,4122,https://kakaku.com/item/K0001354350/
レイルウェイ エンパイア 2 Nintendo Switch エディション,5280,5280,https://kakaku.com/item/K0001540904/
レムナント：フロム・ジ・アッシュ [Nintendo Switch],3877,3877,https://kakaku.com/item/K0001551662/
ロックマン11 運命の歯車！！ コレクターズ・パッケージ [amiibo同梱版] [Nintendo Switch],8789,,https://kakaku.com/item/K0001058085/
ワンダーボーイ アルティメット コレクション [通常版] [Nintendo Switch],4760,4760,https://kakaku.com/item/K0001464840/
ワンド オブ フォーチュン R for Nintendo Switch [通常版],5387,5387,https://kakaku.com/item/K0001512174/
ワンド オブ フォーチュン R for Nintendo Switch [特装版],8580,8580,https://kakaku.com/item/K0001512175/
ワンド オブ フォーチュン R2 FD 〜君に捧げるエピローグ〜 for Nintendo Switch [特装版],8220,8220,https://kakaku.com/item/K0001542156/
異種最強王図鑑 バトルコロシアム [Nintendo Switch],5153,5155,https://kakaku.com/item/K0001478583/
映画「五等分の花嫁」 〜君と過ごした五つの思い出〜 [通常版] [Nintendo Switch],6719,6719,https://kakaku.com/item/K0001425342/
英雄伝説 碧の軌跡：改 [Nintendo Switch],3280,3280,https://kakaku.com/item/K0001535416/
棋士・藤井聡太の将棋トレーニング [Nintendo Switch],4320,4320,https://kakaku.com/item/K0001224170/
究極タイガーヘリ [Nintendo Switch],6077,6077,https://kakaku.com/item/K0001371736/
結城友奈は勇者である 〜花結いのきらめき〜 Vol.2 [Nintendo Switch],7125,7125,https://kakaku.com/item/K0001576559/
結城友奈は勇者である 〜花結いのきらめき〜 Vol.3 [Nintendo Switch],7125,7125,https://kakaku.com/item/K0001576560/
結城友奈は勇者である 〜花結いのきらめき〜 Vol.6 [Nintendo Switch],7125,7125,https://kakaku.com/item/K0001576563/
結城友奈は勇者である 〜花結いのきらめき〜 Vol.7 [Nintendo Switch],7125,7125,https://kakaku.com/item/K0001576564/
結城友奈は勇者である 〜花結いのきらめき〜 Vol.8 [Nintendo Switch],7125,7125,https://kakaku.com/item/K0001576565/
結城友奈は勇者である 〜花結いのきらめき〜 上巻 [完全生産限定版] [Nintendo Switch],34611,34611,https://kakaku.com/item/K0001576556/
月の彼方で逢いましょう [通常版] [Nintendo Switch],5538,5538,https://kakaku.com/item/K0001403763/
幻影異聞録♯FE Encore [ダウンロード版] [Nintendo Switch],6630,6630,https://kakaku.com/item/K0001263905/
幻世酔虎伝 プラス [初回限定版] [Nintendo Switch],8099,8099,https://kakaku.com/item/K0001562128/
幻日のヨハネ - BLAZE in the DEEPBLUE - [限定版] [Nintendo Switch],11426,11426,https://kakaku.com/item/K0001549982/
幻日のヨハネ - BLAZE in the DEEPBLUE - [通常版] [Nintendo Switch],5177,5177,https://kakaku.com/item/K0001549981/
五等分の花嫁 ごとぱずストーリー [通常版] [Nintendo Switch],4712,4712,https://kakaku.com/item/K0001516247/
紅月ゆれる恋あかり [完全生産限定版] [Nintendo Switch],6913,6913,https://kakaku.com/item/K0001494789/
死噛 〜シビトマギレ〜 [Nintendo Switch],8540,8540,https://kakaku.com/item/K0001469158/
式神の城2 [Nintendo Switch],3145,3145,https://kakaku.com/item/K0001508695/
蛇香のライラ 〜Trap of MUSK〜 [通常版] [Nintendo Switch],6220,6220,https://kakaku.com/item/K0001144802/
終遠のヴィルシュ - EpiC：lycoris - [通常版] [Nintendo Switch],6192,6192,https://kakaku.com/item/K0001531388/
上海 Refresh [Nintendo Switch],2466,2466,https://kakaku.com/item/K0001098502/
新釈・剣の街の異邦人 〜黒の宮殿〜 [Nintendo Switch],2589,2589,https://kakaku.com/item/K0001508693/
真・三國無双8 Empires [通常版] [Nintendo Switch],5955,5955,https://kakaku.com/item/K0001402042/
星のカービィ スターアライズ,5398,5400,https://kakaku.com/item/K0000973962/
千の刃濤、桃花染の皇姫 [通常版] [Nintendo Switch],5200,5200,https://kakaku.com/item/K0001433162/
蒼き翼のシュバリエ [Nintendo Switch],2599,2599,https://kakaku.com/item/K0001508694/
蒼の彼方のフォーリズム EXTRA1+2S [Nintendo Switch],10064,10064,https://kakaku.com/item/K0001508690/
大逆転裁判1&2 - 成歩堂龍ノ介の冒險と覺悟 - [Nintendo Switch],3980,3980,https://kakaku.com/item/K0001351436/
大航海時代IV with パワーアップキット HD Version [通常版] [Nintendo Switch],3309,3309,https://kakaku.com/item/K0001336024/
大戦略SSB [Nintendo Switch],5990,5990,https://kakaku.com/item/K0001466651/
大分・別府ミステリー案内 歪んだ竹灯篭 [Nintendo Switch],3204,3204,https://kakaku.com/item/K0001494787/
大乱闘スマッシュブラザーズ SPECIAL [ダウンロード版] [Nintendo Switch],7120,7120,https://kakaku.com/item/K0001279737/
探偵撲滅 [Nintendo Switch],5700,5700,https://kakaku.com/item/K0001331360/
超探偵事件簿 レインコード [Nintendo Switch],5572,5574,https://kakaku.com/item/K0001472561/
超特盛ミラクルプライス 不思議の幻想郷TOD - RELOADED - &ロータスラビリンスR [特別限定版] [Nintendo Switch],8500,8500,https://kakaku.com/item/K0001469153/
鳥類弁護士の事件簿 [Nintendo Switch],3145,3145,https://kakaku.com/item/K0001474789/
東京2020オリンピック The Official Video Game [Nintendo Switch],2380,2380,https://kakaku.com/item/K0001144780/
熱血硬派くにおくん外伝 リバーシティガールズ1・2 [Nintendo Switch],3564,3564,https://kakaku.com/item/K0001466650/
薄桜鬼 真改 銀星ノ抄 [通常版] [Nintendo Switch],5691,5691,https://kakaku.com/item/K0001252271/
薄桜鬼 真改 万葉ノ抄 [通常版] [Nintendo Switch],6192,6192,https://kakaku.com/item/K0001531384/
不思議のダンジョン 風来のシレン5plus フォーチュンタワーと運命のダイス [Nintendo Switch],3515,3515,https://kakaku.com/item/K0001246268/
風雨来記4 [Nintendo Switch],5241,5241,https://kakaku.com/item/K0001323577/
僕のヒーローアカデミア One's Justice2 [Nintendo Switch],5967,5967,https://kakaku.com/item/K0001222479/
夢幻戦士ヴァリスCOLLECTION [Nintendo Switch],3564,3564,https://kakaku.com/item/K0001403074/
夢幻戦士ヴァリスCOLLECTION II [特装版] [Nintendo Switch],8055,8055,https://kakaku.com/item/K0001446699/
遊んで麻雀が強くなる！銀星麻雀DX [Nintendo Switch],3255,3255,https://kakaku.com/item/K0001424641/
遊戯王ラッシュデュエル 最強バトルロイヤル！！ いくぞ！ゴーラッシュ！！ スペシャルエディション [Nintendo Switch],1280,1280,https://kakaku.com/item/K0001474200/
螺旋麗嬢 スパイラルお嬢様 超髪のマキナ [Nintendo Switch],5146,5146,https://kakaku.com/item/K0001561700/
恋する彼女の不器用な舞台 [完全生産限定版] [Nintendo Switch],4562,4562,https://kakaku.com/item/K0001497717/
恋愛、借りちゃいました [通常版] [Nintendo Switch],5031,5082,https://kakaku.com/item/K0001344913/
冤罪執行遊戯ユルキル [Nintendo Switch],5182,5182,https://kakaku.com/item/K0001413680/
滄海天記 [特装版] [Nintendo Switch],3200,3200,https://kakaku.com/item/K0001461765/
穢翼のユースティア [通常版] [Nintendo Switch],5182,5182,https://kakaku.com/item/K0001428573/
